<?xml version="1.0" encoding="UTF-8"?><MD_Metadata xmlns:gts="http://www.isotc211.org/2005/gts" xmlns:gco="http://www.isotc211.org/2005/gco" xmlns:xalan="http://xml.apache.org/xalan" xmlns:srv="http://www.isotc211.org/2005/srv" xmlns:gmx="http://www.isotc211.org/2005/gmx" xmlns:xlink="http://www.w3.org/1999/xlink" xmlns:xsi="http://www.w3.org/2001/XMLSchema-instance" xmlns:gml="http://www.opengis.net/gml" xmlns="http://www.isotc211.org/2005/gmd">
    <fileIdentifier>
        <gco:CharacterString>D6870EAF-080D-432A-AFBB-4820EF964FE5</gco:CharacterString>
    </fileIdentifier>
    <language>
        <LanguageCode codeList="http://www.loc.gov/standards/iso639-2/php/code_list.php" codeListValue="spa" codeSpace="ISO639-2">spa</LanguageCode>
    </language>
    <characterSet>
        <MD_CharacterSetCode codeList="http://www.isotc211.org/2005/resources/Codelist/gmxCodelists.xml#MD_CharacterSetCode" codeListValue="utf8" codeSpace="ISOTC211/19115">utf8</MD_CharacterSetCode>
    </characterSet>
    <hierarchyLevel>
        <MD_ScopeCode codeList="http://www.isotc211.org/2005/resources/Codelist/gmxCodelists.xml#MD_ScopeCode" codeListValue="dataset" codeSpace="ISOTC211/19115">dataset</MD_ScopeCode>
    </hierarchyLevel>
    <hierarchyLevelName>
        <gco:CharacterString>dataset</gco:CharacterString>
    </hierarchyLevelName>
    <contact>
        <CI_ResponsibleParty>
            <individualName>
                <gco:CharacterString>Oficina de Tecnologías de la Información las Comunicaciones</gco:CharacterString>
            </individualName>
            <organisationName>
                <gco:CharacterString>Secretariía Distrital de Movilidad</gco:CharacterString>
            </organisationName>
            <contactInfo>
                <CI_Contact>
                    <phone>
                        <CI_Telephone>
                            <voice>
                                <gco:CharacterString>3649400 Ext 8502</gco:CharacterString>
                            </voice>
                        </CI_Telephone>
                    </phone>
                    <address>
                        <CI_Address>
                            <deliveryPoint>
                                <gco:CharacterString>Cll 13 # 37 - 35</gco:CharacterString>
                            </deliveryPoint>
                            <city>
                                <gco:CharacterString>Bogotá</gco:CharacterString>
                            </city>
                            <administrativeArea>
                                <gco:CharacterString>Cundinmarca</gco:CharacterString>
                            </administrativeArea>
                            <country>
                                <Country codeList="http://www.iso.org/iso/country_codes/iso_3166_code_lists.htm" codeListValue="CO" codeSpace="ISO3166-1">CO</Country>
                            </country>
                            <electronicMailAddress>
                                <gco:CharacterString>simur@movilidadbogota.gov.co</gco:CharacterString>
                            </electronicMailAddress>
                        </CI_Address>
                    </address>
                </CI_Contact>
            </contactInfo>
            <role>
                <CI_RoleCode codeList="http://www.isotc211.org/2005/resources/Codelist/gmxCodelists.xml#CI_RoleCode" codeListValue="owner" codeSpace="ISOTC211/19115">owner</CI_RoleCode>
            </role>
        </CI_ResponsibleParty>
    </contact>
    <dateStamp>
        <gco:Date>2020-03-03</gco:Date>
    </dateStamp>
    <metadataStandardName>
        <gco:CharacterString>ISO 19139 Geographic Information - Metadata - Implementation Specification</gco:CharacterString>
    </metadataStandardName>
    <metadataStandardVersion>
        <gco:CharacterString>2007</gco:CharacterString>
    </metadataStandardVersion>
    <spatialRepresentationInfo>
        <MD_VectorSpatialRepresentation>
            <topologyLevel>
                <MD_TopologyLevelCode codeList="http://www.isotc211.org/2005/resources/Codelist/gmxCodelists.xml#MD_TopologyLevelCode" codeListValue="geometryOnly" codeSpace="ISOTC211/19115">geometryOnly</MD_TopologyLevelCode>
            </topologyLevel>
            <geometricObjects>
                <MD_GeometricObjects>
                    <geometricObjectType>
                        <MD_GeometricObjectTypeCode codeList="http://www.isotc211.org/2005/resources/Codelist/gmxCodelists.xml#MD_GeometricObjectTypeCode" codeListValue="composite" codeSpace="ISOTC211/19115">composite</MD_GeometricObjectTypeCode>
                    </geometricObjectType>
                    <geometricObjectCount>
                        <gco:Integer>136957</gco:Integer>
                    </geometricObjectCount>
                </MD_GeometricObjects>
            </geometricObjects>
        </MD_VectorSpatialRepresentation>
    </spatialRepresentationInfo>
    <referenceSystemInfo>
        <MD_ReferenceSystem>
            <referenceSystemIdentifier>
                <RS_Identifier>
                    <code>
                        <gco:CharacterString>4686</gco:CharacterString>
                    </code>
                    <codeSpace>
                        <gco:CharacterString>EPSG</gco:CharacterString>
                    </codeSpace>
                    <version>
                        <gco:CharacterString>7.6.4(9.2.0)</gco:CharacterString>
                    </version>
                </RS_Identifier>
            </referenceSystemIdentifier>
        </MD_ReferenceSystem>
    </referenceSystemInfo>
    <identificationInfo>
        <MD_DataIdentification>
            <citation>
                <CI_Citation>
                    <title>
                        <gco:CharacterString>Malla Vial Integral. Bogotá D.C</gco:CharacterString>
                    </title>
                    <date>
                        <CI_Date>
                            <date>
                                <gco:Date>2019-11-19</gco:Date>
                            </date>
                            <dateType>
                                <CI_DateTypeCode codeList="http://www.isotc211.org/2005/resources/Codelist/gmxCodelists.xml#CI_DateTypeCode" codeListValue="creation" codeSpace="ISOTC211/19115">creation</CI_DateTypeCode>
                            </dateType>
                        </CI_Date>
                    </date>
                    <date>
                        <CI_Date>
                            <date>
                                <gco:Date>2019-12-19</gco:Date>
                            </date>
                            <dateType>
                                <CI_DateTypeCode codeList="http://www.isotc211.org/2005/resources/Codelist/gmxCodelists.xml#CI_DateTypeCode" codeListValue="publication" codeSpace="ISOTC211/19115">publication</CI_DateTypeCode>
                            </dateType>
                        </CI_Date>
                    </date>
                    <citedResponsibleParty>
                        <CI_ResponsibleParty>
                            <individualName>
                                <gco:CharacterString>Oficina de Tecnologías de la Información las Comunicaciones</gco:CharacterString>
                            </individualName>
                            <organisationName>
                                <gco:CharacterString>Secretaría Distrital de Movilidad</gco:CharacterString>
                            </organisationName>
                            <contactInfo>
                                <CI_Contact>
                                    <phone>
                                        <CI_Telephone>
                                            <voice>
                                                <gco:CharacterString>3649400 Ext 8502</gco:CharacterString>
                                            </voice>
                                        </CI_Telephone>
                                    </phone>
                                    <address>
                                        <CI_Address>
                                            <deliveryPoint>
                                                <gco:CharacterString>Cll 13 # 37 - 35</gco:CharacterString>
                                            </deliveryPoint>
                                            <city>
                                                <gco:CharacterString>Bogotá</gco:CharacterString>
                                            </city>
                                            <administrativeArea>
                                                <gco:CharacterString>Cundinmarca</gco:CharacterString>
                                            </administrativeArea>
                                            <country>
                                                <Country codeList="http://www.iso.org/iso/country_codes/iso_3166_code_lists.htm" codeListValue="CO" codeSpace="ISO3166-1">CO</Country>
                                            </country>
                                            <electronicMailAddress>
                                                <gco:CharacterString>simur@movilidadbogota.gov.co</gco:CharacterString>
                                            </electronicMailAddress>
                                        </CI_Address>
                                    </address>
                                </CI_Contact>
                            </contactInfo>
                            <role>
                                <CI_RoleCode codeList="http://www.isotc211.org/2005/resources/Codelist/gmxCodelists.xml#CI_RoleCode" codeListValue="owner" codeSpace="ISOTC211/19115">owner</CI_RoleCode>
                            </role>
                        </CI_ResponsibleParty>
                    </citedResponsibleParty>
                    <presentationForm>
                        <CI_PresentationFormCode codeList="http://www.isotc211.org/2005/resources/Codelist/gmxCodelists.xml#CI_PresentationFormCode" codeListValue="mapDigital" codeSpace="ISOTC211/19115">mapDigital</CI_PresentationFormCode>
                    </presentationForm>
                </CI_Citation>
            </citation>
            <abstract>
                <gco:CharacterString>Conjunto de líneas que definen los ejes viales de cada una de las vías de la ciudad. Contiene estructurada la información de nomenclatura vial, sentido de circulación, tipo de via y clasificación según la sección vial POT: Malla vial Arterial, Malla vial Intermedia, Malla vial Local, Malla vial Peatonal ,Malla vial Rural y Proyectada.</gco:CharacterString>
            </abstract>
            <purpose>
                <gco:CharacterString>Conjunto de líneas que definen los ejes viales de cada una de las vías de la ciudad. Contiene estructurada la información de nomenclatura vial, sentido de...</gco:CharacterString>
            </purpose>
            <credit>
                <gco:CharacterString>Secretaría Distrital de Movilidad</gco:CharacterString>
            </credit>
            <descriptiveKeywords>
                <MD_Keywords>
                    <keyword>
                        <gco:CharacterString>Avenida</gco:CharacterString>
                    </keyword>
                    <keyword>
                        <gco:CharacterString>Calle</gco:CharacterString>
                    </keyword>
                    <keyword>
                        <gco:CharacterString>Carrera</gco:CharacterString>
                    </keyword>
                    <keyword>
                        <gco:CharacterString>Diagonal</gco:CharacterString>
                    </keyword>
                    <keyword>
                        <gco:CharacterString>Integral</gco:CharacterString>
                    </keyword>
                    <keyword>
                        <gco:CharacterString>Malla vial</gco:CharacterString>
                    </keyword>
                    <keyword>
                        <gco:CharacterString>Transporte</gco:CharacterString>
                    </keyword>
                    <keyword>
                        <gco:CharacterString>Transversal</gco:CharacterString>
                    </keyword>
                    <keyword>
                        <gco:CharacterString>Vias</gco:CharacterString>
                    </keyword>
                </MD_Keywords>
            </descriptiveKeywords>
            <descriptiveKeywords>
                <MD_Keywords>
                    <keyword>
                        <gco:CharacterString>Avenida</gco:CharacterString>
                    </keyword>
                    <keyword>
                        <gco:CharacterString>Calle</gco:CharacterString>
                    </keyword>
                    <keyword>
                        <gco:CharacterString>Carrera</gco:CharacterString>
                    </keyword>
                    <keyword>
                        <gco:CharacterString>Diagonal</gco:CharacterString>
                    </keyword>
                    <keyword>
                        <gco:CharacterString>Integral</gco:CharacterString>
                    </keyword>
                    <keyword>
                        <gco:CharacterString>Malla vial</gco:CharacterString>
                    </keyword>
                    <keyword>
                        <gco:CharacterString>Transporte</gco:CharacterString>
                    </keyword>
                    <keyword>
                        <gco:CharacterString>Transversal</gco:CharacterString>
                    </keyword>
                    <keyword>
                        <gco:CharacterString>Vias</gco:CharacterString>
                    </keyword>
                </MD_Keywords>
            </descriptiveKeywords>
            <descriptiveKeywords>
                <MD_Keywords>
                    <keyword>
                        <gco:CharacterString>Avenida</gco:CharacterString>
                    </keyword>
                    <keyword>
                        <gco:CharacterString>Calle</gco:CharacterString>
                    </keyword>
                    <keyword>
                        <gco:CharacterString>Carrera</gco:CharacterString>
                    </keyword>
                    <keyword>
                        <gco:CharacterString>Diagonal</gco:CharacterString>
                    </keyword>
                    <keyword>
                        <gco:CharacterString>Integral</gco:CharacterString>
                    </keyword>
                    <keyword>
                        <gco:CharacterString>Malla vial</gco:CharacterString>
                    </keyword>
                    <keyword>
                        <gco:CharacterString>Transporte</gco:CharacterString>
                    </keyword>
                    <keyword>
                        <gco:CharacterString>Transversal</gco:CharacterString>
                    </keyword>
                    <keyword>
                        <gco:CharacterString>Vias</gco:CharacterString>
                    </keyword>
                </MD_Keywords>
            </descriptiveKeywords>
            <descriptiveKeywords>
                <MD_Keywords>
                    <keyword>
                        <gco:CharacterString>Avenida</gco:CharacterString>
                    </keyword>
                    <keyword>
                        <gco:CharacterString>Calle</gco:CharacterString>
                    </keyword>
                    <keyword>
                        <gco:CharacterString>Carrera</gco:CharacterString>
                    </keyword>
                    <keyword>
                        <gco:CharacterString>Diagonal</gco:CharacterString>
                    </keyword>
                    <keyword>
                        <gco:CharacterString>Integral</gco:CharacterString>
                    </keyword>
                    <keyword>
                        <gco:CharacterString>Malla vial</gco:CharacterString>
                    </keyword>
                    <keyword>
                        <gco:CharacterString>Transporte</gco:CharacterString>
                    </keyword>
                    <keyword>
                        <gco:CharacterString>Transversal</gco:CharacterString>
                    </keyword>
                    <keyword>
                        <gco:CharacterString>Vias</gco:CharacterString>
                    </keyword>
                </MD_Keywords>
            </descriptiveKeywords>
            <descriptiveKeywords>
                <MD_Keywords>
                    <keyword>
                        <gco:CharacterString>Avenida</gco:CharacterString>
                    </keyword>
                    <keyword>
                        <gco:CharacterString>Calle</gco:CharacterString>
                    </keyword>
                    <keyword>
                        <gco:CharacterString>Carrera</gco:CharacterString>
                    </keyword>
                    <keyword>
                        <gco:CharacterString>Diagonal</gco:CharacterString>
                    </keyword>
                    <keyword>
                        <gco:CharacterString>Integral</gco:CharacterString>
                    </keyword>
                    <keyword>
                        <gco:CharacterString>Malla vial</gco:CharacterString>
                    </keyword>
                    <keyword>
                        <gco:CharacterString>Transporte</gco:CharacterString>
                    </keyword>
                    <keyword>
                        <gco:CharacterString>Transversal</gco:CharacterString>
                    </keyword>
                    <keyword>
                        <gco:CharacterString>Vias</gco:CharacterString>
                    </keyword>
                </MD_Keywords>
            </descriptiveKeywords>
            <descriptiveKeywords>
                <MD_Keywords>
                    <keyword>
                        <gco:CharacterString>Avenida</gco:CharacterString>
                    </keyword>
                    <keyword>
                        <gco:CharacterString>Calle</gco:CharacterString>
                    </keyword>
                    <keyword>
                        <gco:CharacterString>Carrera</gco:CharacterString>
                    </keyword>
                    <keyword>
                        <gco:CharacterString>Diagonal</gco:CharacterString>
                    </keyword>
                    <keyword>
                        <gco:CharacterString>Integral</gco:CharacterString>
                    </keyword>
                    <keyword>
                        <gco:CharacterString>Malla vial</gco:CharacterString>
                    </keyword>
                    <keyword>
                        <gco:CharacterString>Transporte</gco:CharacterString>
                    </keyword>
                    <keyword>
                        <gco:CharacterString>Transversal</gco:CharacterString>
                    </keyword>
                    <keyword>
                        <gco:CharacterString>Vias</gco:CharacterString>
                    </keyword>
                </MD_Keywords>
            </descriptiveKeywords>
            <descriptiveKeywords>
                <MD_Keywords>
                    <keyword>
                        <gco:CharacterString>Avenida</gco:CharacterString>
                    </keyword>
                    <keyword>
                        <gco:CharacterString>Calle</gco:CharacterString>
                    </keyword>
                    <keyword>
                        <gco:CharacterString>Carrera</gco:CharacterString>
                    </keyword>
                    <keyword>
                        <gco:CharacterString>Diagonal</gco:CharacterString>
                    </keyword>
                    <keyword>
                        <gco:CharacterString>Integral</gco:CharacterString>
                    </keyword>
                    <keyword>
                        <gco:CharacterString>Malla vial</gco:CharacterString>
                    </keyword>
                    <keyword>
                        <gco:CharacterString>Transporte</gco:CharacterString>
                    </keyword>
                    <keyword>
                        <gco:CharacterString>Transversal</gco:CharacterString>
                    </keyword>
                    <keyword>
                        <gco:CharacterString>Vias</gco:CharacterString>
                    </keyword>
                </MD_Keywords>
            </descriptiveKeywords>
            <descriptiveKeywords>
                <MD_Keywords>
                    <keyword>
                        <gco:CharacterString>Avenida</gco:CharacterString>
                    </keyword>
                    <keyword>
                        <gco:CharacterString>Calle</gco:CharacterString>
                    </keyword>
                    <keyword>
                        <gco:CharacterString>Carrera</gco:CharacterString>
                    </keyword>
                    <keyword>
                        <gco:CharacterString>Diagonal</gco:CharacterString>
                    </keyword>
                    <keyword>
                        <gco:CharacterString>Integral</gco:CharacterString>
                    </keyword>
                    <keyword>
                        <gco:CharacterString>Malla vial</gco:CharacterString>
                    </keyword>
                    <keyword>
                        <gco:CharacterString>Transporte</gco:CharacterString>
                    </keyword>
                    <keyword>
                        <gco:CharacterString>Transversal</gco:CharacterString>
                    </keyword>
                    <keyword>
                        <gco:CharacterString>Vias</gco:CharacterString>
                    </keyword>
                </MD_Keywords>
            </descriptiveKeywords>
            <descriptiveKeywords>
                <MD_Keywords>
                    <keyword>
                        <gco:CharacterString>Avenida</gco:CharacterString>
                    </keyword>
                    <keyword>
                        <gco:CharacterString>Calle</gco:CharacterString>
                    </keyword>
                    <keyword>
                        <gco:CharacterString>Carrera</gco:CharacterString>
                    </keyword>
                    <keyword>
                        <gco:CharacterString>Diagonal</gco:CharacterString>
                    </keyword>
                    <keyword>
                        <gco:CharacterString>Integral</gco:CharacterString>
                    </keyword>
                    <keyword>
                        <gco:CharacterString>Malla vial</gco:CharacterString>
                    </keyword>
                    <keyword>
                        <gco:CharacterString>Transporte</gco:CharacterString>
                    </keyword>
                    <keyword>
                        <gco:CharacterString>Transversal</gco:CharacterString>
                    </keyword>
                    <keyword>
                        <gco:CharacterString>Vias</gco:CharacterString>
                    </keyword>
                </MD_Keywords>
            </descriptiveKeywords>
            <resourceConstraints>
                <MD_Constraints>
                    <useLimitation>
                        <gco:CharacterString>Licencia y permiso para el uso de datos abiertos de la SDM: Esta licencia permite a otros distribuir, mezclar, ajustar y construir a partir de su obra, incluso con fines comerciales, siempre que le sea reconocida la autoría de la creación original. Esta es la licencia más servicial de las ofrecidas. Recomendada para una máxima difusión y utilización de los materiales sujetos a la licencia. Para información ingrese a http://opendefinition.org/licenses/cc-by/</gco:CharacterString>
                    </useLimitation>
                </MD_Constraints>
            </resourceConstraints>
            <spatialRepresentationType>
                <MD_SpatialRepresentationTypeCode codeList="http://www.isotc211.org/2005/resources/Codelist/gmxCodelists.xml#MD_SpatialRepresentationTypeCode" codeListValue="vector" codeSpace="ISOTC211/19115">vector</MD_SpatialRepresentationTypeCode>
            </spatialRepresentationType>
            <language>
                <LanguageCode codeList="http://www.loc.gov/standards/iso639-2/php/code_list.php" codeListValue="spa" codeSpace="ISO639-2">spa</LanguageCode>
            </language>
            <characterSet>
                <MD_CharacterSetCode codeList="http://www.isotc211.org/2005/resources/Codelist/gmxCodelists.xml#MD_CharacterSetCode" codeListValue="utf8" codeSpace="ISOTC211/19115">utf8</MD_CharacterSetCode>
            </characterSet>
            <topicCategory>
                <MD_TopicCategoryCode>transportation</MD_TopicCategoryCode>
            </topicCategory>
            <environmentDescription>
                <gco:CharacterString>Esri ArcGIS 12.4.2.19948</gco:CharacterString>
            </environmentDescription>
            <extent>
                <EX_Extent>
                    <geographicElement>
                        <EX_GeographicBoundingBox>
                            <extentTypeCode>
                                <gco:Boolean>true</gco:Boolean>
                            </extentTypeCode>
                            <westBoundLongitude>
                                <gco:Decimal>-74.3947</gco:Decimal>
                            </westBoundLongitude>
                            <eastBoundLongitude>
                                <gco:Decimal>-73.991327</gco:Decimal>
                            </eastBoundLongitude>
                            <southBoundLatitude>
                                <gco:Decimal>3.819966</gco:Decimal>
                            </southBoundLatitude>
                            <northBoundLatitude>
                                <gco:Decimal>4.836643</gco:Decimal>
                            </northBoundLatitude>
                        </EX_GeographicBoundingBox>
                    </geographicElement>
                </EX_Extent>
            </extent>
        </MD_DataIdentification>
    </identificationInfo>
    <distributionInfo>
        <MD_Distribution>
            <distributionFormat>
                <MD_Format>
                    <name>
                        <gco:CharacterString>Enterprise Geodatabase Feature Class</gco:CharacterString>
                    </name>
                    <version>
                        <gco:CharacterString>10.6</gco:CharacterString>
                    </version>
                </MD_Format>
            </distributionFormat>
        </MD_Distribution>
    </distributionInfo>
    <dataQualityInfo>
        <DQ_DataQuality>
            <scope>
                <DQ_Scope>
                    <level>
                        <MD_ScopeCode codeList="http://www.isotc211.org/2005/resources/Codelist/gmxCodelists.xml#MD_ScopeCode" codeListValue="feature" codeSpace="ISOTC211/19115">feature</MD_ScopeCode>
                    </level>
                    <levelDescription>
                        <MD_ScopeDescription>
                            <attributes uuidref="Malla vial integral de Bogotá"/>
                        </MD_ScopeDescription>
                    </levelDescription>
                </DQ_Scope>
            </scope>
            <lineage>
                <LI_Lineage>
                    <statement>
                        <gco:CharacterString>El productocuenta con los datos de calidad de acuerdo a las pruebas de consistencia realizadas por SDM.</gco:CharacterString>
                    </statement>
                </LI_Lineage>
            </lineage>
        </DQ_DataQuality>
    </dataQualityInfo>
</MD_Metadata>
